,epoch,train_loss,val_loss
0,1,1946.057804107666,0.0
1,2,1831.5668802261353,0.0
